[
    {
        "id": "15CD679C413AC1",
        "subject": "Menunggu Pembayaran",
        "flag": "S",
        "text": "Segera selesaikan pembayaran untuk order O5CD679C3A8C53",
        "attachment": [],
        "sender_name": "System",
        "sender_id": null,
        "created_at": "2019-05-11 07:29"
    },
    {
        "id": "15CD697EF3F3C3",
        "subject": "Menunggu Pembayaran",
        "flag": "S",
        "text": "Segera selesaikan pembayaran untuk order O5CD697EF07BD7",
        "attachment": [],
        "sender_name": "System",
        "sender_id": null,
        "created_at": "2019-05-11 09:37"
    },
    {
        "id": "15CD69D54CB11D",
        "subject": "Menunggu Pembayaran",
        "flag": "S",
        "text": "Segera selesaikan pembayaran untuk order O5CD69D54BE95C",
        "attachment": [],
        "sender_name": "System",
        "sender_id": null,
        "created_at": "2019-05-11 17:00"
    }
]